Block,BlockRecallTime,TargetPrompt,TargetObject,TargetOrder,DistractObject,Question_CorIMG,Question_Resp,Question_RT
1,4,a black truck,truck,2,laptop,8,YES,0.533480899990536
1,4,a grey coat,coat,2,donkey,10,YES,0.617700600007083
1,4,a black laptop,laptop,2,truck,10,YES,0.308629399980418
NaN,,,,,,,,NaN
NaN,,,,,,,,NaN
NaN,,,,,,,,NaN
NaN,,,,,,,,NaN
NaN,,,,,,,,NaN
NaN,,,,,,,,NaN
NaN,,,,,,,,NaN
NaN,,,,,,,,NaN
NaN,,,,,,,,NaN
NaN,,,,,,,,NaN
NaN,,,,,,,,NaN
NaN,,,,,,,,NaN
NaN,,,,,,,,NaN
NaN,,,,,,,,NaN
NaN,,,,,,,,NaN
NaN,,,,,,,,NaN
NaN,,,,,,,,NaN
NaN,,,,,,,,NaN
NaN,,,,,,,,NaN
NaN,,,,,,,,NaN
NaN,,,,,,,,NaN
NaN,,,,,,,,NaN
NaN,,,,,,,,NaN
NaN,,,,,,,,NaN
NaN,,,,,,,,NaN
NaN,,,,,,,,NaN
NaN,,,,,,,,NaN
NaN,,,,,,,,NaN
NaN,,,,,,,,NaN
NaN,,,,,,,,NaN
NaN,,,,,,,,NaN
NaN,,,,,,,,NaN
NaN,,,,,,,,NaN
NaN,,,,,,,,NaN
NaN,,,,,,,,NaN
NaN,,,,,,,,NaN
NaN,,,,,,,,NaN
NaN,,,,,,,,NaN
NaN,,,,,,,,NaN
NaN,,,,,,,,NaN
NaN,,,,,,,,NaN
NaN,,,,,,,,NaN
NaN,,,,,,,,NaN
NaN,,,,,,,,NaN
NaN,,,,,,,,NaN
NaN,,,,,,,,NaN
NaN,,,,,,,,NaN
NaN,,,,,,,,NaN
NaN,,,,,,,,NaN
NaN,,,,,,,,NaN
NaN,,,,,,,,NaN
NaN,,,,,,,,NaN
NaN,,,,,,,,NaN
NaN,,,,,,,,NaN
NaN,,,,,,,,NaN
NaN,,,,,,,,NaN
NaN,,,,,,,,NaN
NaN,,,,,,,,NaN
NaN,,,,,,,,NaN
NaN,,,,,,,,NaN
NaN,,,,,,,,NaN
NaN,,,,,,,,NaN
NaN,,,,,,,,NaN
NaN,,,,,,,,NaN
NaN,,,,,,,,NaN
NaN,,,,,,,,NaN
NaN,,,,,,,,NaN
NaN,,,,,,,,NaN
NaN,,,,,,,,NaN
NaN,,,,,,,,NaN
NaN,,,,,,,,NaN
NaN,,,,,,,,NaN
NaN,,,,,,,,NaN
NaN,,,,,,,,NaN
NaN,,,,,,,,NaN
NaN,,,,,,,,NaN
NaN,,,,,,,,NaN
NaN,,,,,,,,NaN
NaN,,,,,,,,NaN
NaN,,,,,,,,NaN
NaN,,,,,,,,NaN
NaN,,,,,,,,NaN
NaN,,,,,,,,NaN
NaN,,,,,,,,NaN
NaN,,,,,,,,NaN
NaN,,,,,,,,NaN
NaN,,,,,,,,NaN
NaN,,,,,,,,NaN
NaN,,,,,,,,NaN
NaN,,,,,,,,NaN
NaN,,,,,,,,NaN
NaN,,,,,,,,NaN
NaN,,,,,,,,NaN
NaN,,,,,,,,NaN
NaN,,,,,,,,NaN
NaN,,,,,,,,NaN
NaN,,,,,,,,NaN
